{
                          "id": "6",
                          "creationTimestamp": "2025-12-26T16:29:12Z",
                          "lastUpdatedTimestamp": "2025-12-26T16:29:12Z",
                          "action": "STORE",
                          "checksum": "228cc56c873a457041454280c448b4e3",
                          "content": {
                                  "_id": "232638a332048c4cb159f8cf6636507f",
                                  "link": "https://pureinsights.com/blog/2025/7-tech-trends-in-ai-and-search-for-2025/",
                                  "author": "Phil Lewis",
                                  "header": "7 Tech Trends in AI and Search for 2025 - Pureinsights: 7 Tech Trends is AI and Search for 2025 - presented by Pureinsights CTO, Phil Lewis. A blog about key trends to look for in the coming year."
                          },
                          "transaction": "694eb7d878aedc7a163da904"
                  }