{
                          "id": "3",
                          "creationTimestamp": "2025-12-26T16:28:54Z",
                          "lastUpdatedTimestamp": "2025-12-26T16:28:54Z",
                          "action": "STORE",
                          "checksum": "cbffeeba8f4739650ae048fb382c8870",
                          "content": {
                                  "_id": "d758c733466967ea6f13b20bcbfcebb5",
                                  "link": "https://pureinsights.com/blog/2024/modernizing-search-with-generative-ai/",
                                  "author": "Martin Bayton",
                                  "header": "Modernizing Search with Generative AI - Pureinsights: Blog: why you should implement Retrieval-Augmented Generation (RAG) and how platforms like Pureinsights Discovery streamline the process."
                          },
                          "transaction": "694eb7c678aedc7a163da901"
                  }