{
                          "id": "2",
                          "creationTimestamp": "2025-12-26T16:28:46Z",
                          "lastUpdatedTimestamp": "2025-12-26T16:28:46Z",
                          "action": "STORE",
                          "checksum": "b76292db9fd1c7aef145512dce131f4d",
                          "content": {
                                  "_id": "768b0a3bcee501dc624484ba8a0d7f6d",
                                  "link": "https://pureinsights.com/blog/2024/five-common-challenges-when-implementing-rag-retrieval-augmented-generation/",
                                  "author": "Matt Willsmore",
                                  "header": "5 Challenges Implementing Retrieval Augmented Generation (RAG) - Pureinsights: A blog on 5 common challenges when implementing RAG (Retrieval Augmented Generation) and possible solutions for search applications."
                          },
                          "transaction": "694eb7be78aedc7a163da900"
                  }