{
                          "id": "5",
                          "creationTimestamp": "2025-12-26T16:29:05Z",
                          "lastUpdatedTimestamp": "2025-12-26T16:29:05Z",
                          "action": "STORE",
                          "checksum": "855609b26c318a627760fd36d2d6fe8f",
                          "content": {
                                  "_id": "b1e3e4f42c0818b1580e306eb776d4a1",
                                  "link": "https://pureinsights.com/blog/2024/google-unveils-ai-enhanced-search-features-at-2024-io-conference/",
                                  "author": "Martin Bayton",
                                  "header": "Google Unveils AI-Enhanced Search Features at I/O Conference - Pureinsights: Google I/O 2024 Developer Conference key takeaways, including AI-generated summaries and other features for search."
                          },
                          "transaction": "694eb7d178aedc7a163da903"
                  }