{
                          "id": "1",
                          "creationTimestamp": "2025-12-26T16:28:38Z",
                          "lastUpdatedTimestamp": "2025-12-26T16:28:38Z",
                          "action": "STORE",
                          "checksum": "58b3d1b06729f1491373b97fd8287ae1",
                          "content": {
                                  "_id": "5625c64483bef0d48e9ad91aca9b2f94",
                                  "link": "https://pureinsights.com/blog/2024/pureinsights-named-mongodbs-2024-ai-partner-of-the-year/",
                                  "author": "Graham Gillen",
                                  "header": "Pureinsights Named MongoDB's 2024 AI Partner of the Year - Pureinsights: PRESS RELEASE - Pureinsights named MongoDB's Service AI Partner of the Year for 2024 and also joins the MongoDB AI Application Program (MAAP)."
                          },
                          "transaction": "694eb7b678aedc7a163da8ff"
                  }