{
                          "id": "4",
                          "creationTimestamp": "2025-12-26T16:28:59Z",
                          "lastUpdatedTimestamp": "2025-12-26T16:28:59Z",
                          "action": "STORE",
                          "checksum": "855609b26c318a627760fd36d2d6fe8f",
                          "content": {
                                  "_id": "4e7c8a47efd829ef7f710d64da661786",
                                  "link": "https://pureinsights.com/blog/2024/kmworld-2024-key-takeaways-from-the-exhibit-hall/",
                                  "author": "Graham Gillen",
                                  "header": "KMWorld 2024: Key Takeaways from the Exhibit Hall - Pureinsights: Key insights from KMWorld 2024: AI's impact on knowledge management, standout vendors, and challenges for traditional players adapting to AI."
                          },
                          "transaction": "694eb7cb78aedc7a163da902"
                  }